-- ============================================================================
-- berry-books Initial Data Script for HSQLDB
-- ============================================================================
-- プロジェクトID: berry-books
-- バージョン: 1.0.0
-- 最終更新日: 2025-12-20
-- 対象データベース: HSQLDB 2.7.x
-- ============================================================================

-- ============================================================================
-- 1. PUBLISHER (出版社マスタ)
-- ============================================================================
INSERT INTO PUBLISHER (PUBLISHER_ID, PUBLISHER_NAME) VALUES (1, 'デジタルフロンティア出版');
INSERT INTO PUBLISHER (PUBLISHER_ID, PUBLISHER_NAME) VALUES (2, 'コードブレイクプレス');
INSERT INTO PUBLISHER (PUBLISHER_ID, PUBLISHER_NAME) VALUES (3, 'ネットワークノード出版');

-- ============================================================================
-- 2. CATEGORY (カテゴリマスタ)
-- ============================================================================
INSERT INTO CATEGORY (CATEGORY_ID, CATEGORY_NAME) VALUES (1, 'Java');
INSERT INTO CATEGORY (CATEGORY_ID, CATEGORY_NAME) VALUES (2, 'SpringBoot');
INSERT INTO CATEGORY (CATEGORY_ID, CATEGORY_NAME) VALUES (3, 'SQL');
INSERT INTO CATEGORY (CATEGORY_ID, CATEGORY_NAME) VALUES (4, 'JavaScript');
INSERT INTO CATEGORY (CATEGORY_ID, CATEGORY_NAME) VALUES (5, 'HTML/CSS');
INSERT INTO CATEGORY (CATEGORY_ID, CATEGORY_NAME) VALUES (6, 'Python');
INSERT INTO CATEGORY (CATEGORY_ID, CATEGORY_NAME) VALUES (7, 'AWS');
INSERT INTO CATEGORY (CATEGORY_ID, CATEGORY_NAME) VALUES (8, 'AI/ML');
INSERT INTO CATEGORY (CATEGORY_ID, CATEGORY_NAME) VALUES (9, 'Jakarta EE');

-- ============================================================================
-- 3. BOOK (書籍) - 50冊のサンプルデータ
-- ============================================================================

-- Java カテゴリ (1)
INSERT INTO BOOK (BOOK_ID, BOOK_NAME, AUTHOR, CATEGORY_ID, PUBLISHER_ID, PRICE) VALUES (1, 'Java SEディープダイブ', 'Michael Johnson', 1, 3, 3400);
INSERT INTO BOOK (BOOK_ID, BOOK_NAME, AUTHOR, CATEGORY_ID, PUBLISHER_ID, PRICE) VALUES (2, 'コンカレントプログラミング in Java SE', 'Emily Davis', 1, 1, 3800);
INSERT INTO BOOK (BOOK_ID, BOOK_NAME, AUTHOR, CATEGORY_ID, PUBLISHER_ID, PRICE) VALUES (3, 'JVMとバイトコードの探求', 'David Martinez', 1, 2, 4200);
INSERT INTO BOOK (BOOK_ID, BOOK_NAME, AUTHOR, CATEGORY_ID, PUBLISHER_ID, PRICE) VALUES (4, 'Javaでのエレガントなコード設計', 'Laura Garcia', 1, 1, 3600);
INSERT INTO BOOK (BOOK_ID, BOOK_NAME, AUTHOR, CATEGORY_ID, PUBLISHER_ID, PRICE) VALUES (5, 'Javaアーキテクトのための設計原理', 'James Wilson', 1, 2, 4000);

-- SpringBoot カテゴリ (2)
INSERT INTO BOOK (BOOK_ID, BOOK_NAME, AUTHOR, CATEGORY_ID, PUBLISHER_ID, PRICE) VALUES (9, 'SpringBoot in Cloud', 'Paul Martin', 2, 3, 3000);
INSERT INTO BOOK (BOOK_ID, BOOK_NAME, AUTHOR, CATEGORY_ID, PUBLISHER_ID, PRICE) VALUES (10, 'SpringBootによるエンタープライズ開発', 'Linda Anderson', 2, 1, 4500);
INSERT INTO BOOK (BOOK_ID, BOOK_NAME, AUTHOR, CATEGORY_ID, PUBLISHER_ID, PRICE) VALUES (11, 'SpringBootアーキテクチャの深層', 'Robert Thomas', 2, 2, 4800);
INSERT INTO BOOK (BOOK_ID, BOOK_NAME, AUTHOR, CATEGORY_ID, PUBLISHER_ID, PRICE) VALUES (12, 'SpringBootでのAPI実践', 'Jennifer Taylor', 2, 3, 3200);
INSERT INTO BOOK (BOOK_ID, BOOK_NAME, AUTHOR, CATEGORY_ID, PUBLISHER_ID, PRICE) VALUES (13, 'SpringBoot魔法のレシピ', 'Christopher Moore', 2, 1, 3400);

-- SQL カテゴリ (3)
INSERT INTO BOOK (BOOK_ID, BOOK_NAME, AUTHOR, CATEGORY_ID, PUBLISHER_ID, PRICE) VALUES (17, 'SQLの冒険～RDBの深層', 'Brian Lee', 3, 2, 2200);
INSERT INTO BOOK (BOOK_ID, BOOK_NAME, AUTHOR, CATEGORY_ID, PUBLISHER_ID, PRICE) VALUES (18, 'データベースの科学', 'Nancy White', 3, 1, 3500);
INSERT INTO BOOK (BOOK_ID, BOOK_NAME, AUTHOR, CATEGORY_ID, PUBLISHER_ID, PRICE) VALUES (19, '実践！SQLパフォーマンス最適化の秘訣', 'Kevin Harris', 3, 3, 4000);
INSERT INTO BOOK (BOOK_ID, BOOK_NAME, AUTHOR, CATEGORY_ID, PUBLISHER_ID, PRICE) VALUES (20, 'SQLアナリティクス実践ガイド', 'Sarah Clark', 3, 2, 3600);
INSERT INTO BOOK (BOOK_ID, BOOK_NAME, AUTHOR, CATEGORY_ID, PUBLISHER_ID, PRICE) VALUES (21, 'SQLデザインパターン～効率的なクエリ構築', 'Mark Lewis', 3, 1, 3800);

-- JavaScript カテゴリ (4)
INSERT INTO BOOK (BOOK_ID, BOOK_NAME, AUTHOR, CATEGORY_ID, PUBLISHER_ID, PRICE) VALUES (25, 'JavaScriptマジック', 'Daniel Walker', 4, 3, 2800);
INSERT INTO BOOK (BOOK_ID, BOOK_NAME, AUTHOR, CATEGORY_ID, PUBLISHER_ID, PRICE) VALUES (26, 'ES6＋完全ガイド', 'Elizabeth Hall', 4, 1, 3200);
INSERT INTO BOOK (BOOK_ID, BOOK_NAME, AUTHOR, CATEGORY_ID, PUBLISHER_ID, PRICE) VALUES (27, 'Node.jsによるサーバーサイド開発', 'Matthew Allen', 4, 2, 3600);
INSERT INTO BOOK (BOOK_ID, BOOK_NAME, AUTHOR, CATEGORY_ID, PUBLISHER_ID, PRICE) VALUES (28, 'JavaScriptアルゴリズム実践集', 'Jessica Young', 4, 3, 3400);
INSERT INTO BOOK (BOOK_ID, BOOK_NAME, AUTHOR, CATEGORY_ID, PUBLISHER_ID, PRICE) VALUES (29, 'JSアーキテクチャパターンの探求', 'Andrew King', 4, 1, 4000);

-- HTML/CSS カテゴリ (5)
INSERT INTO BOOK (BOOK_ID, BOOK_NAME, AUTHOR, CATEGORY_ID, PUBLISHER_ID, PRICE) VALUES (33, 'HTML5エッセンス～Webの未来', 'Michelle Wright', 5, 2, 2600);
INSERT INTO BOOK (BOOK_ID, BOOK_NAME, AUTHOR, CATEGORY_ID, PUBLISHER_ID, PRICE) VALUES (34, 'HTMLとCSS実践ガイド', 'Joshua Lopez', 5, 3, 2800);
INSERT INTO BOOK (BOOK_ID, BOOK_NAME, AUTHOR, CATEGORY_ID, PUBLISHER_ID, PRICE) VALUES (35, 'HTMLとCSSハンズオンプロジェクト', 'Amanda Hill', 5, 1, 3000);
INSERT INTO BOOK (BOOK_ID, BOOK_NAME, AUTHOR, CATEGORY_ID, PUBLISHER_ID, PRICE) VALUES (36, 'Webアクセシビリティ基礎', 'Ryan Scott', 5, 2, 3200);
INSERT INTO BOOK (BOOK_ID, BOOK_NAME, AUTHOR, CATEGORY_ID, PUBLISHER_ID, PRICE) VALUES (37, 'Vue・React・Angular徹底比較入門', 'Megan Green', 5, 3, 3600);
INSERT INTO BOOK (BOOK_ID, BOOK_NAME, AUTHOR, CATEGORY_ID, PUBLISHER_ID, PRICE) VALUES (38, 'フロントエンドのためのテスト入門', 'Tyler Adams', 5, 1, 3400);

-- Python カテゴリ (6)
INSERT INTO BOOK (BOOK_ID, BOOK_NAME, AUTHOR, CATEGORY_ID, PUBLISHER_ID, PRICE) VALUES (41, 'Pythonプログラミング実践入門', 'Stephanie Baker', 6, 2, 3000);
INSERT INTO BOOK (BOOK_ID, BOOK_NAME, AUTHOR, CATEGORY_ID, PUBLISHER_ID, PRICE) VALUES (42, 'Pythonで学ぶアルゴリズムとデータ構造', 'Brandon Gonzalez', 6, 3, 3400);
INSERT INTO BOOK (BOOK_ID, BOOK_NAME, AUTHOR, CATEGORY_ID, PUBLISHER_ID, PRICE) VALUES (43, 'Pythonデータ分析パターン', 'Nicole Nelson', 6, 1, 3800);
INSERT INTO BOOK (BOOK_ID, BOOK_NAME, AUTHOR, CATEGORY_ID, PUBLISHER_ID, PRICE) VALUES (44, '高速Web開発のためのPythonフレームワーク', 'Justin Carter', 6, 2, 4000);
INSERT INTO BOOK (BOOK_ID, BOOK_NAME, AUTHOR, CATEGORY_ID, PUBLISHER_ID, PRICE) VALUES (45, 'Pythonで学ぶ並列処理と最適化', 'Rebecca Mitchell', 6, 3, 4200);
INSERT INTO BOOK (BOOK_ID, BOOK_NAME, AUTHOR, CATEGORY_ID, PUBLISHER_ID, PRICE) VALUES (46, 'テスト自動化のためのPython', 'Aaron Perez', 6, 1, 3600);

-- AWS カテゴリ (7)
INSERT INTO BOOK (BOOK_ID, BOOK_NAME, AUTHOR, CATEGORY_ID, PUBLISHER_ID, PRICE) VALUES (49, 'AWS設計原則とベストプラクティス', 'Rachel Roberts', 7, 2, 4500);
INSERT INTO BOOK (BOOK_ID, BOOK_NAME, AUTHOR, CATEGORY_ID, PUBLISHER_ID, PRICE) VALUES (50, 'AWSサーバーレスアーキテクチャ実践', 'Jacob Turner', 7, 3, 4800);
INSERT INTO BOOK (BOOK_ID, BOOK_NAME, AUTHOR, CATEGORY_ID, PUBLISHER_ID, PRICE) VALUES (51, 'AWSネットワークとセキュリティ入門', 'Samantha Phillips', 7, 1, 4200);
INSERT INTO BOOK (BOOK_ID, BOOK_NAME, AUTHOR, CATEGORY_ID, PUBLISHER_ID, PRICE) VALUES (52, 'IaCで進めるAWSインフラ構築', 'Nicholas Campbell', 7, 2, 4600);
INSERT INTO BOOK (BOOK_ID, BOOK_NAME, AUTHOR, CATEGORY_ID, PUBLISHER_ID, PRICE) VALUES (53, 'AWS監視とコスト最適化ガイド', 'Hannah Parker', 7, 3, 4000);
INSERT INTO BOOK (BOOK_ID, BOOK_NAME, AUTHOR, CATEGORY_ID, PUBLISHER_ID, PRICE) VALUES (54, 'サーバーレス実装ガイド', 'Zachary Evans', 7, 1, 4400);
INSERT INTO BOOK (BOOK_ID, BOOK_NAME, AUTHOR, CATEGORY_ID, PUBLISHER_ID, PRICE) VALUES (55, 'コンテナとオーケストレーション入門', 'Victoria Edwards', 7, 2, 4300);
INSERT INTO BOOK (BOOK_ID, BOOK_NAME, AUTHOR, CATEGORY_ID, PUBLISHER_ID, PRICE) VALUES (56, 'クラウドアーキテクチャ実践パターン', 'Nathan Collins', 7, 3, 4700);
INSERT INTO BOOK (BOOK_ID, BOOK_NAME, AUTHOR, CATEGORY_ID, PUBLISHER_ID, PRICE) VALUES (57, 'SREとクラウド運用ハンドブック', 'Olivia Stewart', 7, 1, 4500);

-- AI/ML カテゴリ (8)
INSERT INTO BOOK (BOOK_ID, BOOK_NAME, AUTHOR, CATEGORY_ID, PUBLISHER_ID, PRICE) VALUES (61, 'プロンプトエンジニアリング実践', 'Ethan Morris', 8, 2, 3800);
INSERT INTO BOOK (BOOK_ID, BOOK_NAME, AUTHOR, CATEGORY_ID, PUBLISHER_ID, PRICE) VALUES (62, 'ベクトル検索とRAG入門', 'Grace Rogers', 8, 3, 4200);
INSERT INTO BOOK (BOOK_ID, BOOK_NAME, AUTHOR, CATEGORY_ID, PUBLISHER_ID, PRICE) VALUES (63, 'LLMアプリケーションアーキテクチャ', 'Connor Reed', 8, 1, 4600);
INSERT INTO BOOK (BOOK_ID, BOOK_NAME, AUTHOR, CATEGORY_ID, PUBLISHER_ID, PRICE) VALUES (64, '生成AIシステム設計ガイド', 'Chloe Cook', 8, 2, 4800);
INSERT INTO BOOK (BOOK_ID, BOOK_NAME, AUTHOR, CATEGORY_ID, PUBLISHER_ID, PRICE) VALUES (65, '生成AIの評価と監視', 'Isaac Morgan', 8, 3, 4400);
INSERT INTO BOOK (BOOK_ID, BOOK_NAME, AUTHOR, CATEGORY_ID, PUBLISHER_ID, PRICE) VALUES (66, 'マルチモーダルAI実践ハンドブック', 'Zoe Bell', 8, 1, 5000);

-- Jakarta EE カテゴリ (9)
INSERT INTO BOOK (BOOK_ID, BOOK_NAME, AUTHOR, CATEGORY_ID, PUBLISHER_ID, PRICE) VALUES (69, 'Jakarta EEによるアーキテクチャ設計', 'Dylan Murphy', 9, 2, 4000);
INSERT INTO BOOK (BOOK_ID, BOOK_NAME, AUTHOR, CATEGORY_ID, PUBLISHER_ID, PRICE) VALUES (70, 'Jakarta EEパターンライブラリ', 'Ella Bailey', 9, 3, 4200);
INSERT INTO BOOK (BOOK_ID, BOOK_NAME, AUTHOR, CATEGORY_ID, PUBLISHER_ID, PRICE) VALUES (71, 'Jakarta EE究極テストガイド', 'Caleb Rivera', 9, 1, 3800);

-- ============================================================================
-- 4. STOCK (在庫) - 全書籍に対して在庫を設定
-- ============================================================================

-- Java カテゴリの在庫
INSERT INTO STOCK (BOOK_ID, QUANTITY, VERSION) VALUES (1, 3, 0);
INSERT INTO STOCK (BOOK_ID, QUANTITY, VERSION) VALUES (2, 5, 0);
INSERT INTO STOCK (BOOK_ID, QUANTITY, VERSION) VALUES (3, 2, 0);
INSERT INTO STOCK (BOOK_ID, QUANTITY, VERSION) VALUES (4, 4, 0);
INSERT INTO STOCK (BOOK_ID, QUANTITY, VERSION) VALUES (5, 3, 0);

-- SpringBoot カテゴリの在庫
INSERT INTO STOCK (BOOK_ID, QUANTITY, VERSION) VALUES (9, 2, 0);
INSERT INTO STOCK (BOOK_ID, QUANTITY, VERSION) VALUES (10, 6, 0);
INSERT INTO STOCK (BOOK_ID, QUANTITY, VERSION) VALUES (11, 4, 0);
INSERT INTO STOCK (BOOK_ID, QUANTITY, VERSION) VALUES (12, 5, 0);
INSERT INTO STOCK (BOOK_ID, QUANTITY, VERSION) VALUES (13, 3, 0);

-- SQL カテゴリの在庫
INSERT INTO STOCK (BOOK_ID, QUANTITY, VERSION) VALUES (17, 3, 0);
INSERT INTO STOCK (BOOK_ID, QUANTITY, VERSION) VALUES (18, 4, 0);
INSERT INTO STOCK (BOOK_ID, QUANTITY, VERSION) VALUES (19, 2, 0);
INSERT INTO STOCK (BOOK_ID, QUANTITY, VERSION) VALUES (20, 5, 0);
INSERT INTO STOCK (BOOK_ID, QUANTITY, VERSION) VALUES (21, 3, 0);

-- JavaScript カテゴリの在庫
INSERT INTO STOCK (BOOK_ID, QUANTITY, VERSION) VALUES (25, 4, 0);
INSERT INTO STOCK (BOOK_ID, QUANTITY, VERSION) VALUES (26, 5, 0);
INSERT INTO STOCK (BOOK_ID, QUANTITY, VERSION) VALUES (27, 3, 0);
INSERT INTO STOCK (BOOK_ID, QUANTITY, VERSION) VALUES (28, 6, 0);
INSERT INTO STOCK (BOOK_ID, QUANTITY, VERSION) VALUES (29, 2, 0);

-- HTML/CSS カテゴリの在庫
INSERT INTO STOCK (BOOK_ID, QUANTITY, VERSION) VALUES (33, 5, 0);
INSERT INTO STOCK (BOOK_ID, QUANTITY, VERSION) VALUES (34, 4, 0);
INSERT INTO STOCK (BOOK_ID, QUANTITY, VERSION) VALUES (35, 3, 0);
INSERT INTO STOCK (BOOK_ID, QUANTITY, VERSION) VALUES (36, 6, 0);
INSERT INTO STOCK (BOOK_ID, QUANTITY, VERSION) VALUES (37, 2, 0);
INSERT INTO STOCK (BOOK_ID, QUANTITY, VERSION) VALUES (38, 5, 0);

-- Python カテゴリの在庫
INSERT INTO STOCK (BOOK_ID, QUANTITY, VERSION) VALUES (41, 4, 0);
INSERT INTO STOCK (BOOK_ID, QUANTITY, VERSION) VALUES (42, 5, 0);
INSERT INTO STOCK (BOOK_ID, QUANTITY, VERSION) VALUES (43, 3, 0);
INSERT INTO STOCK (BOOK_ID, QUANTITY, VERSION) VALUES (44, 2, 0);
INSERT INTO STOCK (BOOK_ID, QUANTITY, VERSION) VALUES (45, 4, 0);
INSERT INTO STOCK (BOOK_ID, QUANTITY, VERSION) VALUES (46, 5, 0);

-- AWS カテゴリの在庫
INSERT INTO STOCK (BOOK_ID, QUANTITY, VERSION) VALUES (49, 3, 0);
INSERT INTO STOCK (BOOK_ID, QUANTITY, VERSION) VALUES (50, 4, 0);
INSERT INTO STOCK (BOOK_ID, QUANTITY, VERSION) VALUES (51, 5, 0);
INSERT INTO STOCK (BOOK_ID, QUANTITY, VERSION) VALUES (52, 2, 0);
INSERT INTO STOCK (BOOK_ID, QUANTITY, VERSION) VALUES (53, 6, 0);
INSERT INTO STOCK (BOOK_ID, QUANTITY, VERSION) VALUES (54, 3, 0);
INSERT INTO STOCK (BOOK_ID, QUANTITY, VERSION) VALUES (55, 4, 0);
INSERT INTO STOCK (BOOK_ID, QUANTITY, VERSION) VALUES (56, 5, 0);
INSERT INTO STOCK (BOOK_ID, QUANTITY, VERSION) VALUES (57, 3, 0);

-- AI/ML カテゴリの在庫
INSERT INTO STOCK (BOOK_ID, QUANTITY, VERSION) VALUES (61, 4, 0);
INSERT INTO STOCK (BOOK_ID, QUANTITY, VERSION) VALUES (62, 5, 0);
INSERT INTO STOCK (BOOK_ID, QUANTITY, VERSION) VALUES (63, 3, 0);
INSERT INTO STOCK (BOOK_ID, QUANTITY, VERSION) VALUES (64, 2, 0);
INSERT INTO STOCK (BOOK_ID, QUANTITY, VERSION) VALUES (65, 4, 0);
INSERT INTO STOCK (BOOK_ID, QUANTITY, VERSION) VALUES (66, 3, 0);

-- Jakarta EE カテゴリの在庫
INSERT INTO STOCK (BOOK_ID, QUANTITY, VERSION) VALUES (69, 5, 0);
INSERT INTO STOCK (BOOK_ID, QUANTITY, VERSION) VALUES (70, 4, 0);
INSERT INTO STOCK (BOOK_ID, QUANTITY, VERSION) VALUES (71, 3, 0);

-- ============================================================================
-- 5. CUSTOMER (テスト用顧客データ)
-- ============================================================================
INSERT INTO CUSTOMER (CUSTOMER_ID, CUSTOMER_NAME, EMAIL, PASSWORD, BIRTHDAY, ADDRESS) 
VALUES (1, 'Alice', 'alice@gmail.com', 'password', '1998-04-10', '東京都中央区1-1-1');

INSERT INTO CUSTOMER (CUSTOMER_ID, CUSTOMER_NAME, EMAIL, PASSWORD, BIRTHDAY, ADDRESS) 
VALUES (2, 'Bob', 'bob@gmail.com', 'password', '1988-05-10', '東京都杉並区2-2-2');

INSERT INTO CUSTOMER (CUSTOMER_ID, CUSTOMER_NAME, EMAIL, PASSWORD, BIRTHDAY, ADDRESS) 
VALUES (3, 'Charlie', 'charlie@gmail.com', 'password', '1995-07-15', '大阪府大阪市北区3-3-3');

-- ============================================================================
-- 初期データスクリプト完了
-- ============================================================================
-- データ投入完了:
-- - 出版社: 3社
-- - カテゴリ: 9種類
-- - 書籍: 50冊
-- - 在庫: 50冊分（全書籍に在庫設定）
-- - 顧客: 3名（テスト用）
-- ============================================================================






